Id Number,Name,Dob,Email,Type
1111111,Kara Mia,3/10/2002,kara@gmail.com,Student
1111112,Luz Merci,3/11/2002,luz@gmail.com,Student
1111113,Sarang Hae,3/12/2002,sarang@gmail.com,Student
1111114,Pipol Lods,3/13/2002,pipol@gmail.com,Teacher
1111115,Manny Pacquiao,3/14/1982,manny@gmail.com,Teacher
1111116,Vice Ganda,3/15/1902,vice@gmail.com,Teacher
1313439,Kyla Hubahib,8/20/2002,kyla.hubahib18@gmail.com,Student
1313348,Mona Lisa,8/20/2002,kylahubahib20@gmail.com,Teacher
